Pricing is excluding Value Added Tax. / E&OE,
"* Standard Rates apply for ""Not Found"" results.",
Search Type,Price
ADVERSE NEWS - CSI *,28.15
ADVERSE NEWS - NGA - STANDARD *,29.00
ADVERSE NEWS - NGA *,31.65
ASTUTE CONSOLIDATED CLIENT PORTFOLIO,126.60
CIPC COMPANY,17.70
CIPC DIRECTOR,17.70
CIPC DOCUMENT - CC COPY (PER PAGE),12.80
CIPC DOCUMENT - CERTIFIED COPY (PER CERTIFICATE),63.85
CIPC DOCUMENT - COMPANY COPY (PER PAGE),19.75
COMBINED COMPANY CREDIT (DETAILED),902.00
COMBINED COMPANY CREDIT (STANDARD),760.50
COMBINED CONSUMER CREDIT REPORT,194.10
COMBINED CONSUMER TRACE,54.90
COMPANY ALERTS,0.00
COMPANY PROPERTY HISTORY,18.60
COMPUSCAN ACCOUNT VERIFICATIONS *,12.70
COMPUSCAN COMPANY PROFILE DETAILED,167.75
COMPUSCAN COMPANY PROFILE STANDARD,129.80
COMPUSCAN CONSUMER TRACE *,12.30
COMPUSCAN CONTACT INFORMATION *,12.30
COMPUSCAN EMPLOYMENT CONFIDENCE INDEX *,10.10
COMPUSCAN GROSS MONTHLY INCOME *,8.40
COMPUSCAN ID PHOTO VERIFICATION,40.10
CONSUMER ALERTS,1.70
CPB CONSUMER TRACE,27.60
CPB ID PHOTO VERIFICATION,42.20
CPB SPOUSAL VERIFICATION,14.45
CSI ACCOUNT VERIFICATIONS,16.70
CSI COMPANY DETAILS,17.50
CSI COMPANY REPORT,78.50
CSI COURT LIBRARY EXTENSION (PER JUDGMENT),24.50
CSI DECEASED ESTATE,16.00
CSI DECEASED ESTATE REPORT,184.65
CSI EMPLOYER VERIFICATION,19.30
CSI ID BOOK/CARD HISTORY,44.00
CSI ID PHOTO VERIFICATION,29.55
CSI ID VERIFICATION,5.10
CSI KYB,60.70
CSI KYC,68.60
CSI KYC (WITH ID PHOTO),100.20
CSI KYT,60.66
CSI MOBILE VERIFICATION,19.40
CSI OWNERS IN SCHEME,108.75
CSI OWNERS IN STREET,162.95
CSI PASSPORT VERIFICATION,24.30
CSI PEP AND SANCTIONS CHECK,28.10
CSI PERSON REPORT,77.75
CSI PERSON REPORT - ADDRESS LINKS,14.00
CSI PERSON REPORT - TELEPHONE LINKS,14.00
CSI PERSON TRACE,14.40
CSI PERSON VERIFICATION,9.55
CSI PROOF OF RESIDENCE,29.55
CSI PROPERTY EXTENSION,14.00
CSI PUBLIC SERVANT CHECK,5.10
CSI QUALIFICATION VERIFICATION,168.55
CSI REPORT CIPC EXTENSION,17.50
CSI SECTION 29 DECEASED ESTATE,158.25
CSI SIM SWAP VERIFICATION,14.77
CSI SPOUSAL VERIFICATION,14.45
CSI TAX NUMBER,39.50
CSI TRUST INFORMATION - FOUND,28.20
CSI TRUST INFORMATION - NOT FOUND,17.00
CSI TRUST INFORMATION (NO TRUSTEES),17.00
CSI VEHICLE OWNERSHIP,67.75
CSI VEHICLE OWNERSHIP VERIFICATION,56.45
DATABASE PROPERTY SEARCH *,19.00
DEED DOCUMENT COPY,125.00
DEED OCR DOCUMENT 1 - 5 PAGES,8.00
DEED OCR DOCUMENT 6 PAGES PLUS (PER PAGE),2.30
DEEDS OFFICE SEARCH *,25.60
DEEDS OFFICE SEARCH * - VOLUME BREAK 1 (501 TO 1000),24.10
DEEDS OFFICE SEARCH * - VOLUME BREAK 2 (1001 TO 1500),23.00
DEEDS OFFICE SEARCH * - VOLUME BREAK 3 (1501 TO 2500),22.00
DEEDS OFFICE SEARCH * - VOLUME BREAK 4 (2501 AND ABOVE),21.60
DEFAULT LISTING - COMPANY,84.40
DEFAULT LISTING - CONSUMER (COMBINED),101.20
DIRECTOR ALERTS,0.00
DOTS ALERTS,256.10
DOTS INFORMATION *,25.60
ERF TO STREET CONVERSION,13.60
EXPERIAN COMPANY PROFILE DETAILED,290.80
EXPERIAN COMPANY PROFILE STANDARD,264.50
EXPERIAN SIGMA CONSUMER PROFILE *,48.00
HURU CRIMINAL RECORD CHECK (PREMIUM),422.00
HURU CRIMINAL RECORD CHECK (STANDARD),374.60
IFACTS DRIVERS LICENSE VERIFICATION,129.90
IFACTS FAIS STATUS AND DOFA,201.00
IFACTS FULL MATRIC CERTIFICATE VERIFICATION,341.00
IFACTS MATRIC CERTIFICATE VERIFICATION,243.80
IFACTS OUTSTANDING TRAFFIC FINES,92.00
IFACTS PDP VERIFICATION,229.40
IFACTS SOCIAL MEDIA BASIC REPORT,325.30
IFACTS SOCIAL MEDIA FULL REPORT,515.90
IFACTS SOCIAL MEDIA STANDARD REPORT,361.25
IFACTS VERIFICATION OF SARS TAX CERTIFICATE,153.00
INTERACTIVE MAP SEARCH,10.35
JUDGEMENT COPY,38.20
JUDGEMENT ENQUIRY - FOUND (PER JUDGMENT) *,24.40
LETTER OF DEMAND (EMAIL),84.30
LETTER OF DEMAND (POST),123.65
LIGHTSTONE BUSINESS STANDARD,118.40
LIGHTSTONE ERF VALUATION,179.00
LIGHTSTONE ERF VALUATION SHORT,135.00
LIGHTSTONE ESTATE REPORT,135.00
LIGHTSTONE FARM VALUATION,179.00
LIGHTSTONE FARM VALUATION SHORT,135.00
LIGHTSTONE OWNERS IN ESTATE,179.00
LIGHTSTONE OWNERS IN SCHEME,179.00
LIGHTSTONE SCHEME REPORT,135.00
LIGHTSTONE SCHEME VALUATION,179.00
LIGHTSTONE SCHEME VALUATION SHORT,135.00
LIGHTSTONE SUBURB REPORT,135.00
MIE DRIVERS LICENSE CHECK,118.20
MIE PROFESSIONAL  DRIVERS LICENSE,118.20
MIE QUALIFICATION CHECK,118.20
MIE QUALIFICATION CHECK (INT.),764.00
PEP AND SANCTIONS CHECK - NGA,31.65
PERSON PROPERTY HISTORY,19.00
PROPERTY ALERTS,1.45
PROPERTY COORDINATE SEARCH,12.40
PROPERTY OWNERSHIP HISTORY,18.57
SAPS FIREARM COMPETENCY,363.45
SARS VAT VERIFICATION,19.70
SCHEME TO STREET CONVERSION,13.60
SG DIAGRAM (PER PAGE),9.00
SMS NOTIFICATION,1.45
SMS NOTIFICATION - VOLUME BREAK 1 (101 TO 250),1.40
SMS NOTIFICATION - VOLUME BREAK 2 (251 TO 500),1.30
SMS NOTIFICATION - VOLUME BREAK 3 (502 AND ABOVE),1.20
STREET TO ERF CONVERSION,13.60
TRANSFER REPORT (PER LINE),18.65
TRANSUNION AUTO REPORT *,44.95
TRANSUNION BANK CODES *,211.95
TRANSUNION COMPANY PROFILE - BANKONFILE *,55.60
TRANSUNION COMPANY PROFILE - BUSINESSDEEDS *,129.30
TRANSUNION COMPANY PROFILE - ENQUIRYHISTORY *,164.70
TRANSUNION COMPANY PROFILE - PRINCIPALDETAIL *,55.60
TRANSUNION COMPANY PROFILE - PRINCIPALLINKS *,230.85
TRANSUNION COMPANY PROFILE - STATUTORYDETAILONFILE *,64.80
TRANSUNION COMPANY PROFILE - SUBJECTDEFAULTS *,188.15
TRANSUNION COMPANY PROFILE - TRADEONFILE *,202.00
TRANSUNION COMPANY PROFILE *,304.20
TRANSUNION CONSUMER PROFILE *,63.75
TRANSUNION CONSUMER PROFILE PP *,67.00
TRANSUNION CONSUMER TRACE *,20.80
TRANSUNION CONTACT INFORMATION *,16.00
TRANSUNION ID PHOTO VERIFICATION,45.50
TRANSUNION ID VERIFICATION *,25.45
TRANSUNION VEHICLE VALUATION *,21.65
TRUST PROPERTY HISTORY,29.00
VCCB ACCOUNT VERIFICATION,15.70
VCCB CONSUMER PROFILE,37.90
VCCB CONTACT INFORMATION,9.00
VCCB ID PHOTO VERIFICATION (CACHED),31.65
VCCB ID PHOTO VERIFICATION (LIVE) *,47.50
VCCB ID VERIFICATION,6.35
VCCB INCOME ESTIMATOR,7.15
VCCB SAFPS FRAUD VERIFICATION,27.00
VEHICLE OWNERSHIP CHECK,191.70
VEHICLE OWNERSHIP CHECK CANCELLED,64.05
XDS ACCOUNT VERIFICATION (REAL-TIME),15.90
XDS ACCOUNT VERIFICATIONS,12.90
XDS BUSINESS REPORT - DETAILED,144.30
XDS BUSINESS REPORT - STANDARD,71.00
XDS CONSUMER ID VERIFICATION (CACHED),15.85
XDS CONSUMER ID VERIFICATION (LIVE),26.40
XDS CONSUMER LINKAGE DETECTOR,25.65
XDS CONSUMER PROFILE *,45.45
XDS CONSUMER TRACE,17.00
XDS CONSUMER TRACE REPORT - VOLUME BREAK 1 (101 TO 250),16.50
XDS CONSUMER TRACE REPORT - VOLUME BREAK 2 (251 AND ABOVE),15.55
XDS CONTACT INFORMATION,13.60
XDS ID PHOTO VERIFICATION (CACHED),31.65
XDS ID PHOTO VERIFICATION (LIVE),42.20
