-- ============================================================================
-- PLEKS TEST DATA SEED #2 — Roxanne Bouwer / Bouwer Property Group
-- Run in Supabase SQL Editor AFTER the first seed
-- Creates: new auth user, new org (steward tier), 4 properties, 12 units,
--          3 landlords, 10 tenants, 3 contractors, 8 leases, 6 months financials
-- All UUIDs use valid hex characters only (0-9, a-f)
-- ============================================================================

DO $$
DECLARE
  v_user_id uuid;
  v_org_id uuid := 'ca000002-0000-0000-0000-000000000001';
BEGIN

  -- ── CREATE AUTH USER ────────────────────────────────────────────────────
  -- Check if user already exists first
  SELECT id INTO v_user_id FROM auth.users WHERE email = 'roxannebouwer@gmail.com';
  IF v_user_id IS NULL THEN
    INSERT INTO auth.users (
      id, instance_id, email, encrypted_password, email_confirmed_at,
      raw_app_meta_data, raw_user_meta_data, aud, role, created_at, updated_at,
      confirmation_token, recovery_token
    ) VALUES (
      gen_random_uuid(),
      '00000000-0000-0000-0000-000000000000',
      'roxannebouwer@gmail.com',
      crypt('TestPass123!', gen_salt('bf')),
      now(),
      '{"provider":"email","providers":["email"]}',
      '{"full_name":"Roxanne Bouwer"}',
      'authenticated', 'authenticated', now(), now(), '', ''
    );
    SELECT id INTO v_user_id FROM auth.users WHERE email = 'roxannebouwer@gmail.com';
  END IF;

  RAISE NOTICE 'user_id: %, org_id: %', v_user_id, v_org_id;

  -- ── ORGANISATION ────────────────────────────────────────────────────────
  INSERT INTO organisations (id, name, trading_as, reg_number, vat_number, type, email, phone, address, user_type, onboarding_complete) VALUES
    (v_org_id, 'Bouwer Property Group (Pty) Ltd', 'Bouwer Properties', '2019/234567/07', '4120345678', 'agency', 'info@bouwerprop.co.za', '0218761234', '45 Church Street, Stellenbosch, 7600', 'agent', true)
  ON CONFLICT (id) DO NOTHING;

  -- Link user to org
  INSERT INTO user_orgs (id, user_id, org_id, role) VALUES
    (gen_random_uuid(), v_user_id, v_org_id, 'owner')
  ON CONFLICT DO NOTHING;

  -- Subscription (steward tier)
  INSERT INTO subscriptions (id, org_id, tier, status, amount_cents) VALUES
    (gen_random_uuid(), v_org_id, 'steward', 'active', 49900)
  ON CONFLICT DO NOTHING;

  -- ── PROPERTIES ──────────────────────────────────────────────────────────
  INSERT INTO properties (id, org_id, name, address_line1, suburb, city, province, type) VALUES
    ('ca000010-0000-0000-0000-000000000001', v_org_id, 'Stellenbosch Gardens', '12 Dorp Street', 'Stellenbosch Central', 'Stellenbosch', 'Western Cape', 'residential'),
    ('ca000010-0000-0000-0000-000000000002', v_org_id, 'De Zalze Office Estate', '88 Techno Avenue', 'De Zalze', 'Stellenbosch', 'Western Cape', 'commercial'),
    ('ca000010-0000-0000-0000-000000000003', v_org_id, 'Paarl Heights', '3 Berg River Boulevard', 'Paarl Central', 'Paarl', 'Western Cape', 'residential'),
    ('ca000010-0000-0000-0000-000000000004', v_org_id, 'Franschhoek Cottages', '7 Huguenot Road', 'Franschhoek', 'Franschhoek', 'Western Cape', 'residential')
  ON CONFLICT (id) DO NOTHING;

  -- ── UNITS ───────────────────────────────────────────────────────────────
  -- Stellenbosch Gardens: 4 units (3 occupied, 1 vacant)
  INSERT INTO units (id, org_id, property_id, unit_number, bedrooms, bathrooms, size_m2, status, market_rent_cents) VALUES
    ('cb000010-0000-0000-0000-000000000001', v_org_id, 'ca000010-0000-0000-0000-000000000001', 'Flat A', 2, 1, 55, 'occupied', 780000),
    ('cb000010-0000-0000-0000-000000000002', v_org_id, 'ca000010-0000-0000-0000-000000000001', 'Flat B', 2, 1, 55, 'occupied', 780000),
    ('cb000010-0000-0000-0000-000000000003', v_org_id, 'ca000010-0000-0000-0000-000000000001', 'Flat C', 3, 2, 80, 'occupied', 1050000),
    ('cb000010-0000-0000-0000-000000000004', v_org_id, 'ca000010-0000-0000-0000-000000000001', 'Flat D', 1, 1, 38, 'vacant', 580000)
  ON CONFLICT (id) DO NOTHING;

  -- De Zalze Office Estate: 3 units (2 occupied, 1 vacant)
  INSERT INTO units (id, org_id, property_id, unit_number, size_m2, status, market_rent_cents) VALUES
    ('cb000010-0000-0000-0000-000000000005', v_org_id, 'ca000010-0000-0000-0000-000000000002', 'Office 1', 95, 'occupied', 1450000),
    ('cb000010-0000-0000-0000-000000000006', v_org_id, 'ca000010-0000-0000-0000-000000000002', 'Office 2', 65, 'occupied', 980000),
    ('cb000010-0000-0000-0000-000000000007', v_org_id, 'ca000010-0000-0000-0000-000000000002', 'Office 3', 45, 'vacant', 680000)
  ON CONFLICT (id) DO NOTHING;

  -- Paarl Heights: 3 units (all occupied)
  INSERT INTO units (id, org_id, property_id, unit_number, bedrooms, bathrooms, size_m2, status, market_rent_cents) VALUES
    ('cb000010-0000-0000-0000-000000000008', v_org_id, 'ca000010-0000-0000-0000-000000000003', 'Unit 1', 3, 2, 95, 'occupied', 1200000),
    ('cb000010-0000-0000-0000-000000000009', v_org_id, 'ca000010-0000-0000-0000-000000000003', 'Unit 2', 2, 1, 70, 'occupied', 850000),
    ('cb000010-0000-0000-0000-000000000010', v_org_id, 'ca000010-0000-0000-0000-000000000003', 'Unit 3', 2, 1, 70, 'notice', 850000)
  ON CONFLICT (id) DO NOTHING;

  -- Franschhoek Cottages: 2 units (1 occupied, 1 vacant)
  INSERT INTO units (id, org_id, property_id, unit_number, bedrooms, bathrooms, size_m2, status, market_rent_cents) VALUES
    ('cb000010-0000-0000-0000-000000000011', v_org_id, 'ca000010-0000-0000-0000-000000000004', 'Cottage 1', 2, 1, 60, 'occupied', 950000),
    ('cb000010-0000-0000-0000-000000000012', v_org_id, 'ca000010-0000-0000-0000-000000000004', 'Cottage 2', 2, 1, 60, 'vacant', 950000)
  ON CONFLICT (id) DO NOTHING;

  -- ── CONTACTS — TENANTS ──────────────────────────────────────────────────
  INSERT INTO contacts (id, org_id, entity_type, primary_role, first_name, last_name, primary_email, primary_phone, id_number) VALUES
    ('cc000010-0000-0000-0000-000000000001', v_org_id, 'individual', 'tenant', 'Johan', 'Smit', 'johan.smit@gmail.com', '0761234501', '8812125001081'),
    ('cc000010-0000-0000-0000-000000000002', v_org_id, 'individual', 'tenant', 'Anika', 'Pretorius', 'anika.p@outlook.com', '0829876502', '9201140002082'),
    ('cc000010-0000-0000-0000-000000000003', v_org_id, 'individual', 'tenant', 'David', 'le Roux', 'david.leroux@icloud.com', '0714445503', '8507230003083'),
    ('cc000010-0000-0000-0000-000000000005', v_org_id, 'individual', 'tenant', 'Marelize', 'Joubert', 'marelize.j@gmail.com', '0835556605', '9104120005085'),
    ('cc000010-0000-0000-0000-000000000006', v_org_id, 'individual', 'tenant', 'Pieter', 'Botha', 'pieter.botha@yahoo.com', '0726667706', '7805230006086'),
    ('cc000010-0000-0000-0000-000000000007', v_org_id, 'individual', 'tenant', 'Naledi', 'Molefe', 'naledi.m@gmail.com', '0617778807', '9506150007087'),
    ('cc000010-0000-0000-0000-000000000008', v_org_id, 'individual', 'tenant', 'Francois', 'du Toit', 'francois.dt@vodamail.co.za', '0828889908', '8003010008088')
  ON CONFLICT (id) DO NOTHING;

  -- Juristic tenants
  INSERT INTO contacts (id, org_id, entity_type, primary_role, first_name, last_name, company_name, primary_email, primary_phone) VALUES
    ('cc000010-0000-0000-0000-000000000004', v_org_id, 'organisation', 'tenant', 'Werner', 'Basson', 'Basson Architects (Pty) Ltd', 'werner@bassonarch.co.za', '0218761111'),
    ('cc000010-0000-0000-0000-000000000009', v_org_id, 'organisation', 'tenant', 'Michelle', 'Venter', 'Venter Legal Practice', 'michelle@venterlegal.co.za', '0218762222')
  ON CONFLICT (id) DO NOTHING;

  -- ── TENANTS ─────────────────────────────────────────────────────────────
  INSERT INTO tenants (id, org_id, contact_id, employer_name) VALUES
    ('cd000010-0000-0000-0000-000000000001', v_org_id, 'cc000010-0000-0000-0000-000000000001', 'Stellenbosch University'),
    ('cd000010-0000-0000-0000-000000000002', v_org_id, 'cc000010-0000-0000-0000-000000000002', 'Mediclinic'),
    ('cd000010-0000-0000-0000-000000000003', v_org_id, 'cc000010-0000-0000-0000-000000000003', 'Distell Group'),
    ('cd000010-0000-0000-0000-000000000004', v_org_id, 'cc000010-0000-0000-0000-000000000004', 'Self-employed'),
    ('cd000010-0000-0000-0000-000000000005', v_org_id, 'cc000010-0000-0000-0000-000000000005', 'Capitec Bank'),
    ('cd000010-0000-0000-0000-000000000006', v_org_id, 'cc000010-0000-0000-0000-000000000006', 'Retired'),
    ('cd000010-0000-0000-0000-000000000007', v_org_id, 'cc000010-0000-0000-0000-000000000007', 'MTN SA'),
    ('cd000010-0000-0000-0000-000000000008', v_org_id, 'cc000010-0000-0000-0000-000000000008', NULL),
    ('cd000010-0000-0000-0000-000000000009', v_org_id, 'cc000010-0000-0000-0000-000000000009', 'Self-employed')
  ON CONFLICT (id) DO NOTHING;

  -- ── CONTACTS — LANDLORDS ────────────────────────────────────────────────
  INSERT INTO contacts (id, org_id, entity_type, primary_role, first_name, last_name, primary_email, primary_phone) VALUES
    ('cc000010-0000-0000-0000-000000000030', v_org_id, 'individual', 'landlord', 'Andries', 'van Wyk', 'andries.vw@gmail.com', '0829991111'),
    ('cc000010-0000-0000-0000-000000000031', v_org_id, 'individual', 'landlord', 'Helena', 'Cloete', 'helena.c@telkomsa.net', '0219992222')
  ON CONFLICT (id) DO NOTHING;
  INSERT INTO contacts (id, org_id, entity_type, primary_role, company_name, primary_email, primary_phone) VALUES
    ('cc000010-0000-0000-0000-000000000032', v_org_id, 'organisation', 'landlord', 'Winelands Property Trust', 'admin@wprust.co.za', '0219993333')
  ON CONFLICT (id) DO NOTHING;

  INSERT INTO landlords (id, org_id, contact_id, created_by) VALUES
    ('ce000010-0000-0000-0000-000000000001', v_org_id, 'cc000010-0000-0000-0000-000000000030', v_user_id),
    ('ce000010-0000-0000-0000-000000000002', v_org_id, 'cc000010-0000-0000-0000-000000000031', v_user_id),
    ('ce000010-0000-0000-0000-000000000003', v_org_id, 'cc000010-0000-0000-0000-000000000032', v_user_id)
  ON CONFLICT (id) DO NOTHING;

  -- ── CONTACTS — CONTRACTORS ──────────────────────────────────────────────
  INSERT INTO contacts (id, org_id, entity_type, primary_role, company_name, primary_email, primary_phone) VALUES
    ('cc000010-0000-0000-0000-000000000040', v_org_id, 'organisation', 'contractor', 'Winelands Plumbing', 'info@winelandsplumb.co.za', '0824441001'),
    ('cc000010-0000-0000-0000-000000000041', v_org_id, 'organisation', 'contractor', 'Boland Electrical', 'quote@bolandelec.co.za', '0833331002'),
    ('cc000010-0000-0000-0000-000000000042', v_org_id, 'organisation', 'contractor', 'Stellenbosch Handyman Services', 'jobs@stellyhandy.co.za', '0765551003')
  ON CONFLICT (id) DO NOTHING;

  INSERT INTO contractors (id, org_id, contact_id, supplier_type, is_active) VALUES
    ('cf000010-0000-0000-0000-000000000001', v_org_id, 'cc000010-0000-0000-0000-000000000040', 'contractor', true),
    ('cf000010-0000-0000-0000-000000000002', v_org_id, 'cc000010-0000-0000-0000-000000000041', 'contractor', true),
    ('cf000010-0000-0000-0000-000000000003', v_org_id, 'cc000010-0000-0000-0000-000000000042', 'contractor', true)
  ON CONFLICT (id) DO NOTHING;

  -- ── LEASES ──────────────────────────────────────────────────────────────
  INSERT INTO leases (id, org_id, unit_id, property_id, tenant_id, start_date, end_date, rent_amount_cents, deposit_amount_cents, escalation_percent, status, lease_type) VALUES
    -- Stellenbosch Gardens
    ('da000010-0000-0000-0000-000000000001', v_org_id, 'cb000010-0000-0000-0000-000000000001', 'ca000010-0000-0000-0000-000000000001', 'cd000010-0000-0000-0000-000000000001', '2025-09-01', '2026-08-31', 780000, 1560000, 8, 'active', 'residential'),
    ('da000010-0000-0000-0000-000000000002', v_org_id, 'cb000010-0000-0000-0000-000000000002', 'ca000010-0000-0000-0000-000000000001', 'cd000010-0000-0000-0000-000000000002', '2025-04-01', '2026-03-31', 780000, 1560000, 8, 'active', 'residential'),
    ('da000010-0000-0000-0000-000000000003', v_org_id, 'cb000010-0000-0000-0000-000000000003', 'ca000010-0000-0000-0000-000000000001', 'cd000010-0000-0000-0000-000000000003', '2024-11-01', '2025-10-31', 1050000, 2100000, 10, 'active', 'residential'),
    -- De Zalze Office Estate
    ('da000010-0000-0000-0000-000000000004', v_org_id, 'cb000010-0000-0000-0000-000000000005', 'ca000010-0000-0000-0000-000000000002', 'cd000010-0000-0000-0000-000000000004', '2025-01-01', '2027-12-31', 1450000, 2900000, 8, 'active', 'commercial'),
    ('da000010-0000-0000-0000-000000000005', v_org_id, 'cb000010-0000-0000-0000-000000000006', 'ca000010-0000-0000-0000-000000000002', 'cd000010-0000-0000-0000-000000000009', '2025-06-01', '2027-05-31', 980000, 1960000, 8, 'active', 'commercial'),
    -- Paarl Heights
    ('da000010-0000-0000-0000-000000000006', v_org_id, 'cb000010-0000-0000-0000-000000000008', 'ca000010-0000-0000-0000-000000000003', 'cd000010-0000-0000-0000-000000000005', '2025-03-01', '2026-02-28', 1200000, 2400000, 8, 'active', 'residential'),
    ('da000010-0000-0000-0000-000000000007', v_org_id, 'cb000010-0000-0000-0000-000000000009', 'ca000010-0000-0000-0000-000000000003', 'cd000010-0000-0000-0000-000000000006', '2024-08-01', '2026-07-31', 850000, 1700000, 8, 'active', 'residential'),
    -- Franschhoek Cottages
    ('da000010-0000-0000-0000-000000000008', v_org_id, 'cb000010-0000-0000-0000-000000000011', 'ca000010-0000-0000-0000-000000000004', 'cd000010-0000-0000-0000-000000000008', '2025-12-01', '2026-11-30', 950000, 1900000, 10, 'active', 'residential')
  ON CONFLICT (id) DO NOTHING;

  -- Unit 3 Paarl Heights is on notice
  INSERT INTO leases (id, org_id, unit_id, property_id, tenant_id, start_date, end_date, rent_amount_cents, deposit_amount_cents, escalation_percent, status, lease_type, notice_given_by, notice_given_date) VALUES
    ('da000010-0000-0000-0000-000000000009', v_org_id, 'cb000010-0000-0000-0000-000000000010', 'ca000010-0000-0000-0000-000000000003', 'cd000010-0000-0000-0000-000000000007', '2025-01-01', '2026-06-30', 850000, 1700000, 8, 'notice', 'residential', 'tenant', '2026-03-15')
  ON CONFLICT (id) DO NOTHING;

  -- Co-tenant: Anika co-tenants with Johan on Stell Gardens Flat A
  INSERT INTO lease_co_tenants (id, org_id, lease_id, tenant_id) VALUES
    ('db000010-0000-0000-0000-000000000001', v_org_id, 'da000010-0000-0000-0000-000000000001', 'cd000010-0000-0000-0000-000000000002')
  ON CONFLICT (id) DO NOTHING;

  -- ── RENT INVOICES (Nov 2025 – Apr 2026, 6 months) ──────────────────────
  -- 9 leases × 6 months = 54 invoices. Doing key months for variety.

  -- November 2025 (all paid)
  INSERT INTO rent_invoices (id, org_id, lease_id, unit_id, tenant_id, invoice_number, invoice_date, due_date, period_from, period_to, rent_amount_cents, total_amount_cents, status, amount_paid_cents) VALUES
    ('db000010-0000-0000-0000-000000001101', v_org_id, 'da000010-0000-0000-0000-000000000001', 'cb000010-0000-0000-0000-000000000001', 'cd000010-0000-0000-0000-000000000001', 'BPG-2025-1101', '2025-10-25', '2025-11-01', '2025-11-01', '2025-11-30', 780000, 780000, 'paid', 780000),
    ('db000010-0000-0000-0000-000000001103', v_org_id, 'da000010-0000-0000-0000-000000000003', 'cb000010-0000-0000-0000-000000000003', 'cd000010-0000-0000-0000-000000000003', 'BPG-2025-1103', '2025-10-25', '2025-11-01', '2025-11-01', '2025-11-30', 1050000, 1050000, 'paid', 1050000),
    ('db000010-0000-0000-0000-000000001104', v_org_id, 'da000010-0000-0000-0000-000000000004', 'cb000010-0000-0000-0000-000000000005', 'cd000010-0000-0000-0000-000000000004', 'BPG-2025-1104', '2025-10-25', '2025-11-01', '2025-11-01', '2025-11-30', 1450000, 1450000, 'paid', 1450000),
    ('db000010-0000-0000-0000-000000001105', v_org_id, 'da000010-0000-0000-0000-000000000005', 'cb000010-0000-0000-0000-000000000006', 'cd000010-0000-0000-0000-000000000009', 'BPG-2025-1105', '2025-10-25', '2025-11-01', '2025-11-01', '2025-11-30', 980000, 980000, 'paid', 980000),
    ('db000010-0000-0000-0000-000000001106', v_org_id, 'da000010-0000-0000-0000-000000000006', 'cb000010-0000-0000-0000-000000000008', 'cd000010-0000-0000-0000-000000000005', 'BPG-2025-1106', '2025-10-25', '2025-11-01', '2025-11-01', '2025-11-30', 1200000, 1200000, 'paid', 1200000),
    ('db000010-0000-0000-0000-000000001107', v_org_id, 'da000010-0000-0000-0000-000000000007', 'cb000010-0000-0000-0000-000000000009', 'cd000010-0000-0000-0000-000000000006', 'BPG-2025-1107', '2025-10-25', '2025-11-01', '2025-11-01', '2025-11-30', 850000, 850000, 'paid', 850000),
    ('db000010-0000-0000-0000-000000001109', v_org_id, 'da000010-0000-0000-0000-000000000009', 'cb000010-0000-0000-0000-000000000010', 'cd000010-0000-0000-0000-000000000007', 'BPG-2025-1109', '2025-10-25', '2025-11-01', '2025-11-01', '2025-11-30', 850000, 850000, 'paid', 850000)
  ON CONFLICT (id) DO NOTHING;

  -- January 2026 (all paid)
  INSERT INTO rent_invoices (id, org_id, lease_id, unit_id, tenant_id, invoice_number, invoice_date, due_date, period_from, period_to, rent_amount_cents, total_amount_cents, status, amount_paid_cents) VALUES
    ('db000010-0000-0000-0000-000000000101', v_org_id, 'da000010-0000-0000-0000-000000000001', 'cb000010-0000-0000-0000-000000000001', 'cd000010-0000-0000-0000-000000000001', 'BPG-2026-0101', '2025-12-25', '2026-01-01', '2026-01-01', '2026-01-31', 780000, 780000, 'paid', 780000),
    ('db000010-0000-0000-0000-000000000102', v_org_id, 'da000010-0000-0000-0000-000000000002', 'cb000010-0000-0000-0000-000000000002', 'cd000010-0000-0000-0000-000000000002', 'BPG-2026-0102', '2025-12-25', '2026-01-01', '2026-01-01', '2026-01-31', 780000, 780000, 'paid', 780000),
    ('db000010-0000-0000-0000-000000000103', v_org_id, 'da000010-0000-0000-0000-000000000003', 'cb000010-0000-0000-0000-000000000003', 'cd000010-0000-0000-0000-000000000003', 'BPG-2026-0103', '2025-12-25', '2026-01-01', '2026-01-01', '2026-01-31', 1050000, 1050000, 'paid', 1050000),
    ('db000010-0000-0000-0000-000000000104', v_org_id, 'da000010-0000-0000-0000-000000000004', 'cb000010-0000-0000-0000-000000000005', 'cd000010-0000-0000-0000-000000000004', 'BPG-2026-0104', '2025-12-25', '2026-01-01', '2026-01-01', '2026-01-31', 1450000, 1450000, 'paid', 1450000),
    ('db000010-0000-0000-0000-000000000105', v_org_id, 'da000010-0000-0000-0000-000000000005', 'cb000010-0000-0000-0000-000000000006', 'cd000010-0000-0000-0000-000000000009', 'BPG-2026-0105', '2025-12-25', '2026-01-01', '2026-01-01', '2026-01-31', 980000, 980000, 'paid', 980000),
    ('db000010-0000-0000-0000-000000000106', v_org_id, 'da000010-0000-0000-0000-000000000006', 'cb000010-0000-0000-0000-000000000008', 'cd000010-0000-0000-0000-000000000005', 'BPG-2026-0106', '2025-12-25', '2026-01-01', '2026-01-01', '2026-01-31', 1200000, 1200000, 'paid', 1200000),
    ('db000010-0000-0000-0000-000000000107', v_org_id, 'da000010-0000-0000-0000-000000000007', 'cb000010-0000-0000-0000-000000000009', 'cd000010-0000-0000-0000-000000000006', 'BPG-2026-0107', '2025-12-25', '2026-01-01', '2026-01-01', '2026-01-31', 850000, 850000, 'paid', 850000),
    ('db000010-0000-0000-0000-000000000109', v_org_id, 'da000010-0000-0000-0000-000000000009', 'cb000010-0000-0000-0000-000000000010', 'cd000010-0000-0000-0000-000000000007', 'BPG-2026-0109', '2025-12-25', '2026-01-01', '2026-01-01', '2026-01-31', 850000, 850000, 'paid', 850000)
  ON CONFLICT (id) DO NOTHING;

  -- February 2026 (David le Roux partial, Naledi Molefe late)
  INSERT INTO rent_invoices (id, org_id, lease_id, unit_id, tenant_id, invoice_number, invoice_date, due_date, period_from, period_to, rent_amount_cents, total_amount_cents, status, amount_paid_cents) VALUES
    ('db000010-0000-0000-0000-000000000201', v_org_id, 'da000010-0000-0000-0000-000000000001', 'cb000010-0000-0000-0000-000000000001', 'cd000010-0000-0000-0000-000000000001', 'BPG-2026-0201', '2026-01-25', '2026-02-01', '2026-02-01', '2026-02-28', 780000, 780000, 'paid', 780000),
    ('db000010-0000-0000-0000-000000000202', v_org_id, 'da000010-0000-0000-0000-000000000002', 'cb000010-0000-0000-0000-000000000002', 'cd000010-0000-0000-0000-000000000002', 'BPG-2026-0202', '2026-01-25', '2026-02-01', '2026-02-01', '2026-02-28', 780000, 780000, 'paid', 780000),
    ('db000010-0000-0000-0000-000000000203', v_org_id, 'da000010-0000-0000-0000-000000000003', 'cb000010-0000-0000-0000-000000000003', 'cd000010-0000-0000-0000-000000000003', 'BPG-2026-0203', '2026-01-25', '2026-02-01', '2026-02-01', '2026-02-28', 1050000, 1050000, 'partial', 500000),
    ('db000010-0000-0000-0000-000000000204', v_org_id, 'da000010-0000-0000-0000-000000000004', 'cb000010-0000-0000-0000-000000000005', 'cd000010-0000-0000-0000-000000000004', 'BPG-2026-0204', '2026-01-25', '2026-02-01', '2026-02-01', '2026-02-28', 1450000, 1450000, 'paid', 1450000),
    ('db000010-0000-0000-0000-000000000205', v_org_id, 'da000010-0000-0000-0000-000000000005', 'cb000010-0000-0000-0000-000000000006', 'cd000010-0000-0000-0000-000000000009', 'BPG-2026-0205', '2026-01-25', '2026-02-01', '2026-02-01', '2026-02-28', 980000, 980000, 'paid', 980000),
    ('db000010-0000-0000-0000-000000000206', v_org_id, 'da000010-0000-0000-0000-000000000006', 'cb000010-0000-0000-0000-000000000008', 'cd000010-0000-0000-0000-000000000005', 'BPG-2026-0206', '2026-01-25', '2026-02-01', '2026-02-01', '2026-02-28', 1200000, 1200000, 'paid', 1200000),
    ('db000010-0000-0000-0000-000000000207', v_org_id, 'da000010-0000-0000-0000-000000000007', 'cb000010-0000-0000-0000-000000000009', 'cd000010-0000-0000-0000-000000000006', 'BPG-2026-0207', '2026-01-25', '2026-02-01', '2026-02-01', '2026-02-28', 850000, 850000, 'paid', 850000),
    ('db000010-0000-0000-0000-000000000209', v_org_id, 'da000010-0000-0000-0000-000000000009', 'cb000010-0000-0000-0000-000000000010', 'cd000010-0000-0000-0000-000000000007', 'BPG-2026-0209', '2026-01-25', '2026-02-01', '2026-02-01', '2026-02-28', 850000, 850000, 'paid', 850000)
  ON CONFLICT (id) DO NOTHING;

  -- March 2026 (David stops paying entirely, Naledi on notice)
  INSERT INTO rent_invoices (id, org_id, lease_id, unit_id, tenant_id, invoice_number, invoice_date, due_date, period_from, period_to, rent_amount_cents, total_amount_cents, status, amount_paid_cents) VALUES
    ('db000010-0000-0000-0000-000000000301', v_org_id, 'da000010-0000-0000-0000-000000000001', 'cb000010-0000-0000-0000-000000000001', 'cd000010-0000-0000-0000-000000000001', 'BPG-2026-0301', '2026-02-25', '2026-03-01', '2026-03-01', '2026-03-31', 780000, 780000, 'paid', 780000),
    ('db000010-0000-0000-0000-000000000302', v_org_id, 'da000010-0000-0000-0000-000000000002', 'cb000010-0000-0000-0000-000000000002', 'cd000010-0000-0000-0000-000000000002', 'BPG-2026-0302', '2026-02-25', '2026-03-01', '2026-03-01', '2026-03-31', 780000, 780000, 'paid', 780000),
    ('db000010-0000-0000-0000-000000000303', v_org_id, 'da000010-0000-0000-0000-000000000003', 'cb000010-0000-0000-0000-000000000003', 'cd000010-0000-0000-0000-000000000003', 'BPG-2026-0303', '2026-02-25', '2026-03-01', '2026-03-01', '2026-03-31', 1050000, 1050000, 'overdue', 0),
    ('db000010-0000-0000-0000-000000000304', v_org_id, 'da000010-0000-0000-0000-000000000004', 'cb000010-0000-0000-0000-000000000005', 'cd000010-0000-0000-0000-000000000004', 'BPG-2026-0304', '2026-02-25', '2026-03-01', '2026-03-01', '2026-03-31', 1450000, 1450000, 'paid', 1450000),
    ('db000010-0000-0000-0000-000000000305', v_org_id, 'da000010-0000-0000-0000-000000000005', 'cb000010-0000-0000-0000-000000000006', 'cd000010-0000-0000-0000-000000000009', 'BPG-2026-0305', '2026-02-25', '2026-03-01', '2026-03-01', '2026-03-31', 980000, 980000, 'paid', 980000),
    ('db000010-0000-0000-0000-000000000306', v_org_id, 'da000010-0000-0000-0000-000000000006', 'cb000010-0000-0000-0000-000000000008', 'cd000010-0000-0000-0000-000000000005', 'BPG-2026-0306', '2026-02-25', '2026-03-01', '2026-03-01', '2026-03-31', 1200000, 1200000, 'paid', 1200000),
    ('db000010-0000-0000-0000-000000000307', v_org_id, 'da000010-0000-0000-0000-000000000007', 'cb000010-0000-0000-0000-000000000009', 'cd000010-0000-0000-0000-000000000006', 'BPG-2026-0307', '2026-02-25', '2026-03-01', '2026-03-01', '2026-03-31', 850000, 850000, 'paid', 850000),
    ('db000010-0000-0000-0000-000000000308', v_org_id, 'da000010-0000-0000-0000-000000000008', 'cb000010-0000-0000-0000-000000000011', 'cd000010-0000-0000-0000-000000000008', 'BPG-2026-0308', '2026-02-25', '2026-03-01', '2026-03-01', '2026-03-31', 950000, 950000, 'paid', 950000),
    ('db000010-0000-0000-0000-000000000309', v_org_id, 'da000010-0000-0000-0000-000000000009', 'cb000010-0000-0000-0000-000000000010', 'cd000010-0000-0000-0000-000000000007', 'BPG-2026-0309', '2026-02-25', '2026-03-01', '2026-03-01', '2026-03-31', 850000, 850000, 'paid', 850000)
  ON CONFLICT (id) DO NOTHING;

  -- April 2026 (David 2 months arrears, Franschhoek Cottage 1 open)
  INSERT INTO rent_invoices (id, org_id, lease_id, unit_id, tenant_id, invoice_number, invoice_date, due_date, period_from, period_to, rent_amount_cents, total_amount_cents, status, amount_paid_cents) VALUES
    ('db000010-0000-0000-0000-000000000401', v_org_id, 'da000010-0000-0000-0000-000000000001', 'cb000010-0000-0000-0000-000000000001', 'cd000010-0000-0000-0000-000000000001', 'BPG-2026-0401', '2026-03-25', '2026-04-01', '2026-04-01', '2026-04-30', 780000, 780000, 'paid', 780000),
    ('db000010-0000-0000-0000-000000000402', v_org_id, 'da000010-0000-0000-0000-000000000002', 'cb000010-0000-0000-0000-000000000002', 'cd000010-0000-0000-0000-000000000002', 'BPG-2026-0402', '2026-03-25', '2026-04-01', '2026-04-01', '2026-04-30', 780000, 780000, 'paid', 780000),
    ('db000010-0000-0000-0000-000000000403', v_org_id, 'da000010-0000-0000-0000-000000000003', 'cb000010-0000-0000-0000-000000000003', 'cd000010-0000-0000-0000-000000000003', 'BPG-2026-0403', '2026-03-25', '2026-04-01', '2026-04-01', '2026-04-30', 1050000, 1050000, 'overdue', 0),
    ('db000010-0000-0000-0000-000000000404', v_org_id, 'da000010-0000-0000-0000-000000000004', 'cb000010-0000-0000-0000-000000000005', 'cd000010-0000-0000-0000-000000000004', 'BPG-2026-0404', '2026-03-25', '2026-04-01', '2026-04-01', '2026-04-30', 1450000, 1450000, 'paid', 1450000),
    ('db000010-0000-0000-0000-000000000405', v_org_id, 'da000010-0000-0000-0000-000000000005', 'cb000010-0000-0000-0000-000000000006', 'cd000010-0000-0000-0000-000000000009', 'BPG-2026-0405', '2026-03-25', '2026-04-01', '2026-04-01', '2026-04-30', 980000, 980000, 'paid', 980000),
    ('db000010-0000-0000-0000-000000000406', v_org_id, 'da000010-0000-0000-0000-000000000006', 'cb000010-0000-0000-0000-000000000008', 'cd000010-0000-0000-0000-000000000005', 'BPG-2026-0406', '2026-03-25', '2026-04-01', '2026-04-01', '2026-04-30', 1200000, 1200000, 'paid', 1200000),
    ('db000010-0000-0000-0000-000000000407', v_org_id, 'da000010-0000-0000-0000-000000000007', 'cb000010-0000-0000-0000-000000000009', 'cd000010-0000-0000-0000-000000000006', 'BPG-2026-0407', '2026-03-25', '2026-04-01', '2026-04-01', '2026-04-30', 850000, 850000, 'paid', 850000),
    ('db000010-0000-0000-0000-000000000408', v_org_id, 'da000010-0000-0000-0000-000000000008', 'cb000010-0000-0000-0000-000000000011', 'cd000010-0000-0000-0000-000000000008', 'BPG-2026-0408', '2026-03-25', '2026-04-01', '2026-04-01', '2026-04-30', 950000, 950000, 'open', 0),
    ('db000010-0000-0000-0000-000000000409', v_org_id, 'da000010-0000-0000-0000-000000000009', 'cb000010-0000-0000-0000-000000000010', 'cd000010-0000-0000-0000-000000000007', 'BPG-2026-0409', '2026-03-25', '2026-04-01', '2026-04-01', '2026-04-30', 850000, 850000, 'paid', 850000)
  ON CONFLICT (id) DO NOTHING;

  -- ── PAYMENTS ────────────────────────────────────────────────────────────
  INSERT INTO payments (id, org_id, lease_id, tenant_id, invoice_id, amount_cents, payment_date, payment_method, reference) VALUES
    -- Nov 2025
    ('dc000010-0000-0000-0000-000000001101', v_org_id, 'da000010-0000-0000-0000-000000000001', 'cd000010-0000-0000-0000-000000000001', 'db000010-0000-0000-0000-000000001101', 780000, '2025-11-01', 'debicheck', 'DC-SMIT-NOV'),
    ('dc000010-0000-0000-0000-000000001103', v_org_id, 'da000010-0000-0000-0000-000000000003', 'cd000010-0000-0000-0000-000000000003', 'db000010-0000-0000-0000-000000001103', 1050000, '2025-11-03', 'eft', 'LEROUX-NOV'),
    ('dc000010-0000-0000-0000-000000001104', v_org_id, 'da000010-0000-0000-0000-000000000004', 'cd000010-0000-0000-0000-000000000004', 'db000010-0000-0000-0000-000000001104', 1450000, '2025-11-01', 'debicheck', 'DC-BASSON-NOV'),
    ('dc000010-0000-0000-0000-000000001106', v_org_id, 'da000010-0000-0000-0000-000000000006', 'cd000010-0000-0000-0000-000000000005', 'db000010-0000-0000-0000-000000001106', 1200000, '2025-11-02', 'eft', 'JOUBERT-NOV'),
    -- Jan 2026
    ('dc000010-0000-0000-0000-000000000101', v_org_id, 'da000010-0000-0000-0000-000000000001', 'cd000010-0000-0000-0000-000000000001', 'db000010-0000-0000-0000-000000000101', 780000, '2026-01-01', 'debicheck', 'DC-SMIT-JAN'),
    ('dc000010-0000-0000-0000-000000000102', v_org_id, 'da000010-0000-0000-0000-000000000002', 'cd000010-0000-0000-0000-000000000002', 'db000010-0000-0000-0000-000000000102', 780000, '2026-01-03', 'eft', 'PRETORIUS-JAN'),
    ('dc000010-0000-0000-0000-000000000103', v_org_id, 'da000010-0000-0000-0000-000000000003', 'cd000010-0000-0000-0000-000000000003', 'db000010-0000-0000-0000-000000000103', 1050000, '2026-01-04', 'eft', 'LEROUX-JAN'),
    ('dc000010-0000-0000-0000-000000000104', v_org_id, 'da000010-0000-0000-0000-000000000004', 'cd000010-0000-0000-0000-000000000004', 'db000010-0000-0000-0000-000000000104', 1450000, '2026-01-01', 'debicheck', 'DC-BASSON-JAN'),
    ('dc000010-0000-0000-0000-000000000106', v_org_id, 'da000010-0000-0000-0000-000000000006', 'cd000010-0000-0000-0000-000000000005', 'db000010-0000-0000-0000-000000000106', 1200000, '2026-01-02', 'eft', 'JOUBERT-JAN'),
    ('dc000010-0000-0000-0000-000000000107', v_org_id, 'da000010-0000-0000-0000-000000000007', 'cd000010-0000-0000-0000-000000000006', 'db000010-0000-0000-0000-000000000107', 850000, '2026-01-05', 'cash', 'BOTHA-JAN-CASH'),
    -- Feb 2026 (David partial R5,000 of R10,500)
    ('dc000010-0000-0000-0000-000000000201', v_org_id, 'da000010-0000-0000-0000-000000000001', 'cd000010-0000-0000-0000-000000000001', 'db000010-0000-0000-0000-000000000201', 780000, '2026-02-01', 'debicheck', 'DC-SMIT-FEB'),
    ('dc000010-0000-0000-0000-000000000202', v_org_id, 'da000010-0000-0000-0000-000000000002', 'cd000010-0000-0000-0000-000000000002', 'db000010-0000-0000-0000-000000000202', 780000, '2026-02-02', 'eft', 'PRETORIUS-FEB'),
    ('dc000010-0000-0000-0000-000000000203', v_org_id, 'da000010-0000-0000-0000-000000000003', 'cd000010-0000-0000-0000-000000000003', 'db000010-0000-0000-0000-000000000203', 500000, '2026-02-15', 'eft', 'LEROUX-FEB-PART'),
    ('dc000010-0000-0000-0000-000000000204', v_org_id, 'da000010-0000-0000-0000-000000000004', 'cd000010-0000-0000-0000-000000000004', 'db000010-0000-0000-0000-000000000204', 1450000, '2026-02-01', 'debicheck', 'DC-BASSON-FEB'),
    ('dc000010-0000-0000-0000-000000000206', v_org_id, 'da000010-0000-0000-0000-000000000006', 'cd000010-0000-0000-0000-000000000005', 'db000010-0000-0000-0000-000000000206', 1200000, '2026-02-03', 'eft', 'JOUBERT-FEB'),
    -- Mar 2026 (David R0, all others paid)
    ('dc000010-0000-0000-0000-000000000301', v_org_id, 'da000010-0000-0000-0000-000000000001', 'cd000010-0000-0000-0000-000000000001', 'db000010-0000-0000-0000-000000000301', 780000, '2026-03-01', 'debicheck', 'DC-SMIT-MAR'),
    ('dc000010-0000-0000-0000-000000000302', v_org_id, 'da000010-0000-0000-0000-000000000002', 'cd000010-0000-0000-0000-000000000002', 'db000010-0000-0000-0000-000000000302', 780000, '2026-03-02', 'eft', 'PRETORIUS-MAR'),
    ('dc000010-0000-0000-0000-000000000304', v_org_id, 'da000010-0000-0000-0000-000000000004', 'cd000010-0000-0000-0000-000000000004', 'db000010-0000-0000-0000-000000000304', 1450000, '2026-03-01', 'debicheck', 'DC-BASSON-MAR'),
    ('dc000010-0000-0000-0000-000000000306', v_org_id, 'da000010-0000-0000-0000-000000000006', 'cd000010-0000-0000-0000-000000000005', 'db000010-0000-0000-0000-000000000306', 1200000, '2026-03-03', 'eft', 'JOUBERT-MAR'),
    ('dc000010-0000-0000-0000-000000000308', v_org_id, 'da000010-0000-0000-0000-000000000008', 'cd000010-0000-0000-0000-000000000008', 'db000010-0000-0000-0000-000000000308', 950000, '2026-03-04', 'eft', 'DUTOIT-MAR'),
    -- Apr 2026
    ('dc000010-0000-0000-0000-000000000401', v_org_id, 'da000010-0000-0000-0000-000000000001', 'cd000010-0000-0000-0000-000000000001', 'db000010-0000-0000-0000-000000000401', 780000, '2026-04-01', 'debicheck', 'DC-SMIT-APR'),
    ('dc000010-0000-0000-0000-000000000402', v_org_id, 'da000010-0000-0000-0000-000000000002', 'cd000010-0000-0000-0000-000000000002', 'db000010-0000-0000-0000-000000000402', 780000, '2026-04-02', 'eft', 'PRETORIUS-APR'),
    ('dc000010-0000-0000-0000-000000000404', v_org_id, 'da000010-0000-0000-0000-000000000004', 'cd000010-0000-0000-0000-000000000004', 'db000010-0000-0000-0000-000000000404', 1450000, '2026-04-01', 'debicheck', 'DC-BASSON-APR'),
    ('dc000010-0000-0000-0000-000000000406', v_org_id, 'da000010-0000-0000-0000-000000000006', 'cd000010-0000-0000-0000-000000000005', 'db000010-0000-0000-0000-000000000406', 1200000, '2026-04-02', 'eft', 'JOUBERT-APR'),
    ('dc000010-0000-0000-0000-000000000407', v_org_id, 'da000010-0000-0000-0000-000000000007', 'cd000010-0000-0000-0000-000000000006', 'db000010-0000-0000-0000-000000000407', 850000, '2026-04-06', 'cash', 'BOTHA-APR-CASH')
  ON CONFLICT (id) DO NOTHING;

  -- ── ARREARS CASES ───────────────────────────────────────────────────────
  INSERT INTO arrears_cases (id, org_id, lease_id, tenant_id, unit_id, property_id, total_arrears_cents, oldest_outstanding_date, current_step, status) VALUES
    ('dd000010-0000-0000-0000-000000000001', v_org_id, 'da000010-0000-0000-0000-000000000003', 'cd000010-0000-0000-0000-000000000003', 'cb000010-0000-0000-0000-000000000003', 'ca000010-0000-0000-0000-000000000001', 2650000, '2026-02-01', 2, 'open')
  ON CONFLICT (id) DO NOTHING;

  -- ── DEPOSIT TRANSACTIONS ────────────────────────────────────────────────
  INSERT INTO deposit_transactions (id, org_id, tenant_id, lease_id, amount_cents, direction, transaction_type, description, created_at) VALUES
    ('de000010-0000-0000-0000-000000000001', v_org_id, 'cd000010-0000-0000-0000-000000000001', 'da000010-0000-0000-0000-000000000001', 1560000, 'credit', 'deposit_received', 'Deposit — J. Smit', '2025-09-01'),
    ('de000010-0000-0000-0000-000000000002', v_org_id, 'cd000010-0000-0000-0000-000000000002', 'da000010-0000-0000-0000-000000000002', 1560000, 'credit', 'deposit_received', 'Deposit — A. Pretorius', '2025-04-01'),
    ('de000010-0000-0000-0000-000000000003', v_org_id, 'cd000010-0000-0000-0000-000000000003', 'da000010-0000-0000-0000-000000000003', 2100000, 'credit', 'deposit_received', 'Deposit — D. le Roux', '2024-11-01'),
    ('de000010-0000-0000-0000-000000000004', v_org_id, 'cd000010-0000-0000-0000-000000000004', 'da000010-0000-0000-0000-000000000004', 2900000, 'credit', 'deposit_received', 'Deposit — Basson Architects', '2025-01-01'),
    ('de000010-0000-0000-0000-000000000005', v_org_id, 'cd000010-0000-0000-0000-000000000005', 'da000010-0000-0000-0000-000000000006', 2400000, 'credit', 'deposit_received', 'Deposit — M. Joubert', '2025-03-01'),
    ('de000010-0000-0000-0000-000000000006', v_org_id, 'cd000010-0000-0000-0000-000000000006', 'da000010-0000-0000-0000-000000000007', 1700000, 'credit', 'deposit_received', 'Deposit — P. Botha', '2024-08-01'),
    ('de000010-0000-0000-0000-000000000007', v_org_id, 'cd000010-0000-0000-0000-000000000008', 'da000010-0000-0000-0000-000000000008', 1900000, 'credit', 'deposit_received', 'Deposit — F. du Toit', '2025-12-01'),
    ('de000010-0000-0000-0000-000000000008', v_org_id, 'cd000010-0000-0000-0000-000000000009', 'da000010-0000-0000-0000-000000000005', 1960000, 'credit', 'deposit_received', 'Deposit — Venter Legal', '2025-06-01'),
    -- Interest
    ('de000010-0000-0000-0000-000000000010', v_org_id, 'cd000010-0000-0000-0000-000000000001', 'da000010-0000-0000-0000-000000000001', 6200, 'credit', 'interest_accrued', 'Q1 interest — Smit', '2026-03-31'),
    ('de000010-0000-0000-0000-000000000011', v_org_id, 'cd000010-0000-0000-0000-000000000003', 'da000010-0000-0000-0000-000000000003', 15800, 'credit', 'interest_accrued', 'Q1 interest — le Roux', '2026-03-31')
  ON CONFLICT (id) DO NOTHING;

  -- ── TRUST TRANSACTIONS ──────────────────────────────────────────────────
  INSERT INTO trust_transactions (id, org_id, transaction_type, direction, amount_cents, description, reference, created_at) VALUES
    ('df000010-0000-0000-0000-000000000001', v_org_id, 'rent_received', 'credit', 780000, 'Rent — Smit Apr', 'DC-SMIT-APR', '2026-04-01'),
    ('df000010-0000-0000-0000-000000000002', v_org_id, 'rent_received', 'credit', 780000, 'Rent — Pretorius Apr', 'PRETORIUS-APR', '2026-04-02'),
    ('df000010-0000-0000-0000-000000000003', v_org_id, 'rent_received', 'credit', 1450000, 'Rent — Basson Arch Apr', 'DC-BASSON-APR', '2026-04-01'),
    ('df000010-0000-0000-0000-000000000004', v_org_id, 'rent_received', 'credit', 1200000, 'Rent — Joubert Apr', 'JOUBERT-APR', '2026-04-02'),
    ('df000010-0000-0000-0000-000000000005', v_org_id, 'rent_received', 'credit', 850000, 'Rent — Botha Apr', 'BOTHA-APR-CASH', '2026-04-06'),
    ('df000010-0000-0000-0000-000000000010', v_org_id, 'expense_paid', 'debit', 320000, 'Winelands Plumbing — geyser', 'INV-WP-0091', '2026-02-18'),
    ('df000010-0000-0000-0000-000000000011', v_org_id, 'expense_paid', 'debit', 175000, 'Boland Electrical — DB repair', 'INV-BE-0044', '2026-03-22'),
    ('df000010-0000-0000-0000-000000000012', v_org_id, 'expense_paid', 'debit', 85000, 'Stelly Handyman — door hinge', 'INV-SH-0012', '2026-04-08'),
    ('df000010-0000-0000-0000-000000000020', v_org_id, 'management_fee', 'debit', 156000, 'Fee 8% — Stell Gardens Mar', 'FEE-03-SG', '2026-04-05'),
    ('df000010-0000-0000-0000-000000000021', v_org_id, 'management_fee', 'debit', 194400, 'Fee 8% — De Zalze Mar', 'FEE-03-DZ', '2026-04-05'),
    ('df000010-0000-0000-0000-000000000022', v_org_id, 'management_fee', 'debit', 232000, 'Fee 8% — Paarl Heights Mar', 'FEE-03-PH', '2026-04-05')
  ON CONFLICT (id) DO NOTHING;

  -- ── MAINTENANCE REQUESTS ────────────────────────────────────────────────
  INSERT INTO maintenance_requests (id, org_id, property_id, unit_id, lease_id, title, description, logged_by, category, urgency, status, work_order_number, actual_cost_cents, created_at, completed_at, contractor_id) VALUES
    ('ea000010-0000-0000-0000-000000000001', v_org_id, 'ca000010-0000-0000-0000-000000000001', 'cb000010-0000-0000-0000-000000000003', 'da000010-0000-0000-0000-000000000003', 'Geyser burst', 'Hot water geyser burst in ceiling, water damage to bathroom ceiling', 'tenant', 'plumbing', 'emergency', 'completed', 'BPG-WO-001', 320000, '2026-02-14', '2026-02-18', 'cf000010-0000-0000-0000-000000000001'),
    ('ea000010-0000-0000-0000-000000000002', v_org_id, 'ca000010-0000-0000-0000-000000000002', 'cb000010-0000-0000-0000-000000000005', 'da000010-0000-0000-0000-000000000004', 'Office DB board fault', 'Intermittent tripping on circuit 3, affecting server room power', 'agent', 'electrical', 'urgent', 'completed', 'BPG-WO-002', 175000, '2026-03-18', '2026-03-22', 'cf000010-0000-0000-0000-000000000002'),
    ('ea000010-0000-0000-0000-000000000003', v_org_id, 'ca000010-0000-0000-0000-000000000003', 'cb000010-0000-0000-0000-000000000008', 'da000010-0000-0000-0000-000000000006', 'Front door hinge broken', 'Main entrance door hinge snapped, door not closing properly', 'tenant', 'windows_doors', 'routine', 'completed', 'BPG-WO-003', 85000, '2026-04-02', '2026-04-08', 'cf000010-0000-0000-0000-000000000003'),
    ('ea000010-0000-0000-0000-000000000004', v_org_id, 'ca000010-0000-0000-0000-000000000001', 'cb000010-0000-0000-0000-000000000001', 'da000010-0000-0000-0000-000000000001', 'Leaking kitchen tap', 'Cold water tap in kitchen dripping constantly', 'tenant', 'plumbing', 'routine', 'in_progress', 'BPG-WO-004', NULL, '2026-04-10', NULL, 'cf000010-0000-0000-0000-000000000001'),
    ('ea000010-0000-0000-0000-000000000005', v_org_id, 'ca000010-0000-0000-0000-000000000004', 'cb000010-0000-0000-0000-000000000011', 'da000010-0000-0000-0000-000000000008', 'Damp in bedroom wall', 'Rising damp on north-facing bedroom wall, paint bubbling', 'tenant', 'structural', 'urgent', 'approved', 'BPG-WO-005', NULL, '2026-04-12', NULL, NULL),
    ('ea000010-0000-0000-0000-000000000006', v_org_id, 'ca000010-0000-0000-0000-000000000002', 'cb000010-0000-0000-0000-000000000006', 'da000010-0000-0000-0000-000000000005', 'Aircon not cooling', 'Split unit in main office area blowing warm air only', 'tenant', 'hvac', 'routine', 'approved', 'BPG-WO-006', NULL, '2026-04-13', NULL, NULL)
  ON CONFLICT (id) DO NOTHING;

  -- ── MAINTENANCE DELAY EVENTS ────────────────────────────────────────────
  INSERT INTO maintenance_delay_events (id, org_id, maintenance_id, delay_type, attributed_to, occurred_at, original_date, rescheduled_to, note, recorded_by) VALUES
    ('eb000010-0000-0000-0000-000000000001', v_org_id, 'ea000010-0000-0000-0000-000000000001', 'contractor_rescheduled', 'contractor', '2026-02-16', '2026-02-16', '2026-02-18', 'Replacement geyser not in stock, ordered from JHB', v_user_id),
    ('eb000010-0000-0000-0000-000000000002', v_org_id, 'ea000010-0000-0000-0000-000000000003', 'contractor_rescheduled', 'contractor', '2026-04-05', '2026-04-04', '2026-04-07', 'Handyman double-booked, moved to Monday', v_user_id),
    ('eb000010-0000-0000-0000-000000000003', v_org_id, 'ea000010-0000-0000-0000-000000000004', 'tenant_not_available', 'tenant', '2026-04-12', '2026-04-11', '2026-04-14', 'Tenant at work, rescheduled to Saturday morning', v_user_id)
  ON CONFLICT (id) DO NOTHING;

  -- ── SUPPLIER INVOICES ───────────────────────────────────────────────────
  INSERT INTO supplier_invoices (id, org_id, property_id, contractor_id, invoice_date, description, amount_excl_vat_cents, vat_amount_cents, amount_incl_vat_cents, payment_source, status) VALUES
    ('ec000010-0000-0000-0000-000000000001', v_org_id, 'ca000010-0000-0000-0000-000000000001', 'cf000010-0000-0000-0000-000000000001', '2026-02-18', 'Geyser replacement + ceiling repair — Flat C', 278261, 41739, 320000, 'trust', 'paid'),
    ('ec000010-0000-0000-0000-000000000002', v_org_id, 'ca000010-0000-0000-0000-000000000002', 'cf000010-0000-0000-0000-000000000002', '2026-03-22', 'DB board repair + surge protector — Office 1', 152174, 22826, 175000, 'trust', 'paid'),
    ('ec000010-0000-0000-0000-000000000003', v_org_id, 'ca000010-0000-0000-0000-000000000003', 'cf000010-0000-0000-0000-000000000003', '2026-04-08', 'Door hinge replacement + alignment — Unit 1', 73913, 11087, 85000, 'trust', 'paid'),
    ('ec000010-0000-0000-0000-000000000004', v_org_id, 'ca000010-0000-0000-0000-000000000001', NULL, '2026-03-31', 'Garden service — Stellenbosch Gardens Q1', 195652, 29348, 225000, 'trust', 'paid'),
    ('ec000010-0000-0000-0000-000000000005', v_org_id, 'ca000010-0000-0000-0000-000000000002', NULL, '2026-03-31', 'Office cleaning service — De Zalze Mar', 130435, 19565, 150000, 'trust', 'paid')
  ON CONFLICT (id) DO NOTHING;

  -- ── OWNER STATEMENTS ────────────────────────────────────────────────────
  INSERT INTO owner_statements (id, org_id, property_id, period_month, period_from, period_to, gross_income_cents, total_expenses_cents, management_fee_cents, management_fee_vat_cents, net_to_owner_cents, status, owner_payment_status) VALUES
    ('ed000010-0000-0000-0000-000000000001', v_org_id, 'ca000010-0000-0000-0000-000000000001', '2026-03-01', '2026-03-01', '2026-03-31', 2610000, 225000, 208800, 31320, 2144880, 'sent', 'paid'),
    ('ed000010-0000-0000-0000-000000000002', v_org_id, 'ca000010-0000-0000-0000-000000000002', '2026-03-01', '2026-03-01', '2026-03-31', 2430000, 150000, 194400, 29160, 2056440, 'sent', 'paid'),
    ('ed000010-0000-0000-0000-000000000003', v_org_id, 'ca000010-0000-0000-0000-000000000003', '2026-03-01', '2026-03-01', '2026-03-31', 2900000, 85000, 232000, 34800, 2548200, 'sent', 'pending'),
    ('ed000010-0000-0000-0000-000000000004', v_org_id, 'ca000010-0000-0000-0000-000000000004', '2026-03-01', '2026-03-01', '2026-03-31', 950000, 0, 76000, 11400, 862600, 'draft', 'pending')
  ON CONFLICT (id) DO NOTHING;

  -- ── INSPECTIONS ─────────────────────────────────────────────────────────
  INSERT INTO inspections (id, org_id, property_id, unit_id, inspection_type, status, scheduled_date) VALUES
    ('ee000010-0000-0000-0000-000000000001', v_org_id, 'ca000010-0000-0000-0000-000000000003', 'cb000010-0000-0000-0000-000000000010', 'move_out', 'scheduled', '2026-06-25'),
    ('ee000010-0000-0000-0000-000000000002', v_org_id, 'ca000010-0000-0000-0000-000000000001', 'cb000010-0000-0000-0000-000000000001', 'periodic', 'scheduled', '2026-04-28'),
    ('ee000010-0000-0000-0000-000000000003', v_org_id, 'ca000010-0000-0000-0000-000000000001', 'cb000010-0000-0000-0000-000000000003', 'periodic', 'scheduled', '2026-04-15'),
    ('ee000010-0000-0000-0000-000000000004', v_org_id, 'ca000010-0000-0000-0000-000000000004', 'cb000010-0000-0000-0000-000000000011', 'periodic', 'scheduled', '2026-05-10')
  ON CONFLICT (id) DO NOTHING;

  -- ── CONSENT LOG ─────────────────────────────────────────────────────────
  INSERT INTO consent_log (id, org_id, subject_email, consent_type, consent_given, consent_version, created_at) VALUES
    (gen_random_uuid(), v_org_id, 'johan.smit@gmail.com', 'credit_check', true, '1.0', '2025-08-15'),
    (gen_random_uuid(), v_org_id, 'johan.smit@gmail.com', 'lease_template_disclaimer', true, '1.0', '2025-09-01'),
    (gen_random_uuid(), v_org_id, 'anika.p@outlook.com', 'credit_check', true, '1.0', '2025-03-10'),
    (gen_random_uuid(), v_org_id, 'anika.p@outlook.com', 'lease_template_disclaimer', true, '1.0', '2025-04-01'),
    (gen_random_uuid(), v_org_id, 'david.leroux@icloud.com', 'credit_check', true, '1.0', '2024-10-10'),
    (gen_random_uuid(), v_org_id, 'david.leroux@icloud.com', 'lease_template_disclaimer', true, '1.0', '2024-11-01'),
    (gen_random_uuid(), v_org_id, 'werner@bassonarch.co.za', 'credit_check', true, '1.0', '2024-12-05'),
    (gen_random_uuid(), v_org_id, 'werner@bassonarch.co.za', 'lease_template_disclaimer', true, '1.0', '2025-01-01'),
    (gen_random_uuid(), v_org_id, 'marelize.j@gmail.com', 'credit_check', true, '1.0', '2025-02-15'),
    (gen_random_uuid(), v_org_id, 'marelize.j@gmail.com', 'lease_template_disclaimer', true, '1.0', '2025-03-01'),
    (gen_random_uuid(), v_org_id, 'pieter.botha@yahoo.com', 'credit_check', true, '1.0', '2024-07-10'),
    (gen_random_uuid(), v_org_id, 'naledi.m@gmail.com', 'credit_check', true, '1.0', '2025-06-01'),
    (gen_random_uuid(), v_org_id, 'francois.dt@vodamail.co.za', 'credit_check', true, '1.0', '2025-11-10'),
    (gen_random_uuid(), v_org_id, 'francois.dt@vodamail.co.za', 'lease_template_disclaimer', true, '1.0', '2025-12-01'),
    (gen_random_uuid(), v_org_id, 'michelle@venterlegal.co.za', 'credit_check', true, '1.0', '2025-05-10'),
    (gen_random_uuid(), v_org_id, 'michelle@venterlegal.co.za', 'lease_template_disclaimer', true, '1.0', '2025-06-01')
  ON CONFLICT DO NOTHING;

  RAISE NOTICE 'Seed #2 — Bouwer Property Group seeded successfully';
END $$;
